{"manifestVersion":"1.1","info":{"id":"Microsoft.VisualStudio.TeamExplorer,version=16.10.31227.2"},"packages":[{"id":"Microsoft.VisualStudio.TeamExplorer","version":"16.10.31227.2","type":"Vsix","payloads":[{"fileName":"Microsoft.VisualStudio.TeamExplorer.vsix","size":76227410}],"vsixId":"Microsoft.VisualStudio.TeamFoundation.TeamExplorer.Extensions","extensionDir":"[installdir]\\Common7\\IDE\\CommonExtensions\\Microsoft\\TeamFoundation\\Team Explorer","installSizes":{"targetDrive":239684135}}]}